{"slope": 1.0052866646875585, "intercept": 2.665637010161737}