{"slope": 0.9993976155140668, "intercept": 0.18419933578978664}