sample_ID,min_flares,max_flares,min_rot,max_rot,max_rot_err,mean,std,n_stars,n_flares
all_fast,5.0,30.0,0.2460000067949295,9.77400016784668,0.05,0.06487683614932957,0.09062725550608708,47.0,580.0
5_10_fast,5.0,30.0,5.03000020980835,9.77400016784668,0.05,0.07926531164028937,0.10701379727354657,18.0,176.0
l5_fast,5.0,30.0,0.2460000067949295,4.956999778747559,0.05,0.05860858940079264,0.08168793982177493,29.0,404.0
geq10_slow,5.0,30.0,10.059000015258789,40.04499816894531,0.05,0.11037725670186063,0.10182542743432571,14.0,102.0
